Model,Micro Score Correlation,Macro Score Correlation
TF-IDF,0.4174615034061714,0.44371459337533764
BM25,0.32062245101257475,0.3567803918455627
SBERT,0.24111548713531503,0.30582991486571676
